{
  "cv_rmse_mean": 23237.380286332525,
  "cv_rmse_std": 658.778566527735,
  "n_rows": 800,
  "n_features": 12
}